{"stats":{"minecraft:picked_up":{"minecraft:rotten_flesh":2,"minecraft:wheat_seeds":1,"minecraft:spruce_planks":8,"minecraft:spruce_sapling":1,"minecraft:spruce_log":10,"minecraft:snowball":27,"minecraft:dirt":50},"minecraft:mined":{"minecraft:large_fern":2,"minecraft:spruce_leaves":5,"minecraft:spruce_log":10},"minecraft:dropped":{"minecraft:enchanted_golden_apple":64,"minecraft:netherite_sword":1,"minecraft:netherite_chestplate":1,"minecraft:netherite_helmet":1,"minecraft:netherite_leggings":1,"minecraft:netherite_boots":1},"minecraft:custom":{"minecraft:time_since_rest":461,"minecraft:crouch_one_cm":2929,"minecraft:play_time":30000,"minecraft:sprint_one_cm":7869,"minecraft:walk_one_cm":19882,"minecraft:damage_taken":395,"minecraft:deaths":3,"minecraft:sneak_time":1302,"minecraft:drop":6,"minecraft:jump":137,"minecraft:damage_dealt":519,"minecraft:time_since_death":387,"minecraft:total_world_time":30000,"minecraft:interact_with_crafting_table":4,"minecraft:player_kills":3,"minecraft:fly_one_cm":70478,"minecraft:fall_one_cm":5721},"minecraft:crafted":{"minecraft:crafting_table":1,"minecraft:spruce_planks":40,"minecraft:stick":4,"minecraft:wooden_pickaxe":1,"minecraft:wooden_axe":1},"minecraft:killed_by":{"minecraft:zombie":1},"minecraft:used":{"minecraft:warden_spawn_egg":182,"minecraft:netherite_sword":3,"minecraft:netherite_block":137,"minecraft:wooden_axe":8,"minecraft:dirt":46,"minecraft:crafting_table":1,"minecraft:spruce_planks":2,"minecraft:snowball":22}},"DataVersion":3337}