{"stats":{"minecraft:picked_up":{"minecraft:spruce_sapling":1,"minecraft:spruce_log":10,"minecraft:dirt":50,"minecraft:netherite_block":1,"minecraft:rotten_flesh":2,"minecraft:wheat_seeds":1,"minecraft:spruce_planks":8,"minecraft:snowball":27,"minecraft:sculk_catalyst":26},"minecraft:killed":{"minecraft:zombie":1,"minecraft:warden":40},"minecraft:mined":{"minecraft:large_fern":2,"minecraft:spruce_log":10,"minecraft:spruce_leaves":5},"minecraft:dropped":{"minecraft:netherite_sword":1,"minecraft:netherite_boots":1,"minecraft:netherite_helmet":1,"minecraft:netherite_chestplate":1,"minecraft:enchanted_golden_apple":64,"minecraft:netherite_leggings":1},"minecraft:custom":{"minecraft:time_since_rest":9850,"minecraft:sprint_one_cm":8803,"minecraft:damage_taken":395,"minecraft:walk_one_cm":34966,"minecraft:mob_kills":47,"minecraft:drop":6,"minecraft:damage_dealt":101950,"minecraft:interact_with_crafting_table":4,"minecraft:fly_one_cm":179481,"minecraft:player_kills":3,"minecraft:crouch_one_cm":13133,"minecraft:play_time":39389,"minecraft:deaths":3,"minecraft:sneak_time":3755,"minecraft:walk_under_water_one_cm":1966,"minecraft:jump":223,"minecraft:leave_game":1,"minecraft:walk_on_water_one_cm":507,"minecraft:time_since_death":9776,"minecraft:total_world_time":39389,"minecraft:fall_one_cm":5721},"minecraft:killed_by":{"minecraft:zombie":1},"minecraft:crafted":{"minecraft:crafting_table":1,"minecraft:spruce_planks":40,"minecraft:stick":4,"minecraft:wooden_pickaxe":1,"minecraft:wooden_axe":1},"minecraft:used":{"minecraft:warden_spawn_egg":182,"minecraft:wooden_axe":8,"minecraft:netherite_block":137,"minecraft:netherite_sword":47,"minecraft:flint_and_steel":45,"minecraft:spruce_planks":2,"minecraft:dirt":46,"minecraft:tnt":314,"minecraft:crafting_table":1,"minecraft:snowball":22}},"DataVersion":3337}