{"stats":{"minecraft:picked_up":{"minecraft:spruce_planks":8,"minecraft:spruce_sapling":1,"minecraft:spruce_log":3,"minecraft:snowball":27,"minecraft:dirt":50},"minecraft:mined":{"minecraft:large_fern":2,"minecraft:spruce_leaves":5,"minecraft:spruce_log":3},"minecraft:custom":{"minecraft:time_since_rest":13087,"minecraft:crouch_one_cm":690,"minecraft:play_time":18000,"minecraft:sprint_one_cm":3708,"minecraft:walk_one_cm":7580,"minecraft:damage_taken":345,"minecraft:deaths":1,"minecraft:sneak_time":345,"minecraft:jump":77,"minecraft:damage_dealt":203,"minecraft:time_since_death":11575,"minecraft:total_world_time":18000,"minecraft:interact_with_crafting_table":2,"minecraft:player_kills":1,"minecraft:fly_one_cm":14352,"minecraft:fall_one_cm":4066},"minecraft:crafted":{"minecraft:crafting_table":1,"minecraft:spruce_planks":12,"minecraft:stick":4,"minecraft:wooden_pickaxe":1,"minecraft:wooden_axe":1},"minecraft:killed_by":{"minecraft:zombie":1},"minecraft:used":{"minecraft:dirt":34,"minecraft:crafting_table":1,"minecraft:snowball":22}},"DataVersion":3337}