{"stats":{"minecraft:picked_up":{"minecraft:wheat_seeds":1,"minecraft:spruce_sapling":1,"minecraft:spruce_log":2,"minecraft:snowball":27,"minecraft:dirt":51},"minecraft:mined":{"minecraft:large_fern":11,"minecraft:grass_block":1,"minecraft:spruce_leaves":2},"minecraft:custom":{"minecraft:time_since_rest":1898,"minecraft:crouch_one_cm":202,"minecraft:play_time":6000,"minecraft:sprint_one_cm":6818,"minecraft:walk_one_cm":7895,"minecraft:damage_taken":475,"minecraft:deaths":1,"minecraft:sneak_time":29,"minecraft:jump":78,"minecraft:damage_dealt":69,"minecraft:time_since_death":1858,"minecraft:total_world_time":6000,"minecraft:fly_one_cm":6346,"minecraft:fall_one_cm":2625},"minecraft:crafted":{"minecraft:spruce_planks":8},"minecraft:killed_by":{"minecraft:player":1},"minecraft:used":{"minecraft:dirt":1,"minecraft:snowball":5}},"DataVersion":3337}