{"stats":{"minecraft:picked_up":{"minecraft:netherite_boots":1,"minecraft:spruce_sapling":2,"minecraft:spruce_log":8,"minecraft:warden_spawn_egg":1,"minecraft:netherite_leggings":1,"minecraft:dirt":57,"minecraft:netherite_helmet":1,"minecraft:wheat_seeds":3,"minecraft:netherite_sword":1,"minecraft:enchanted_golden_apple":64,"minecraft:netherite_chestplate":1,"minecraft:snowball":30},"minecraft:broken":{"minecraft:netherite_helmet":1,"minecraft:netherite_chestplate":1,"minecraft:netherite_leggings":1,"minecraft:netherite_boots":1},"minecraft:mined":{"minecraft:large_fern":13,"minecraft:spruce_log":5,"minecraft:grass_block":2,"minecraft:dirt":5,"minecraft:spruce_leaves":16,"minecraft:fern":1},"minecraft:dropped":{"minecraft:wheat_seeds":1,"minecraft:spruce_log":1},"minecraft:custom":{"minecraft:time_since_rest":273,"minecraft:damage_taken":1379,"minecraft:sprint_one_cm":41585,"minecraft:walk_one_cm":31684,"minecraft:damage_absorbed":514,"minecraft:mob_kills":1,"minecraft:drop":2,"minecraft:damage_dealt":13262,"minecraft:fly_one_cm":155028,"minecraft:crouch_one_cm":4907,"minecraft:play_time":20283,"minecraft:deaths":5,"minecraft:sneak_time":1371,"minecraft:jump":631,"minecraft:leave_game":1,"minecraft:time_since_death":0,"minecraft:total_world_time":20283,"minecraft:damage_resisted":256503,"minecraft:fall_one_cm":21578},"minecraft:crafted":{"minecraft:spruce_planks":28},"minecraft:killed_by":{"minecraft:warden":2,"minecraft:player":3},"minecraft:used":{"minecraft:warden_spawn_egg":1,"minecraft:netherite_sword":22,"minecraft:netherite_chestplate":1,"minecraft:spruce_planks":1,"minecraft:netherite_boots":1,"minecraft:dirt":6,"minecraft:netherite_leggings":1,"minecraft:netherite_helmet":1,"minecraft:snowball":5,"minecraft:enchanted_golden_apple":27}},"DataVersion":3337}